{
    "ps": 1, 
    "c": [], 
    "p": [
        [
            "strength", 
            {
                "k": "strength", 
                "d": "力量", 
                "m": []
            }
        ], 
        [
            "agility", 
            {
                "k": "agility", 
                "d": "敏捷", 
                "m": []
            }
        ], 
        [
            "intelligence", 
            {
                "k": "intelligence", 
                "d": "智力", 
                "m": []
            }
        ], 
        [
            "main", 
            {
                "k": "main", 
                "d": "主属性", 
                "m": []
            }
        ]
    ], 
    "b": []
}