{
    "local_variable": {}, 
    "trigger_dict": {
        "618213378": {
            "action": [
                {
                    "action_type": "ADD_ATTR", 
                    "args_list": [
                        {
                            "arg_type": 100006, 
                            "args_list": [], 
                            "sub_type": "MODIFIER_OWNER"
                        }, 
                        {
                            "arg_type": 100300, 
                            "args_list": [
                                "ATTR_BASE"
                            ], 
                            "sub_type": 1
                        }, 
                        {
                            "arg_type": 100042, 
                            "args_list": [
                                "attack_phy"
                            ], 
                            "sub_type": 1
                        }, 
                        {
                            "arg_type": 100000, 
                            "args_list": [
                                {
                                    "arg_type": 100000, 
                                    "args_list": [
                                        {
                                            "arg_type": 100000, 
                                            "args_list": [
                                                -0.3
                                            ], 
                                            "sub_type": 1
                                        }, 
                                        {
                                            "arg_type": 100017, 
                                            "args_list": [
                                                "+"
                                            ], 
                                            "sub_type": 1
                                        }, 
                                        {
                                            "arg_type": 100000, 
                                            "args_list": [
                                                {
                                                    "arg_type": 100000, 
                                                    "args_list": [
                                                        -0.02
                                                    ], 
                                                    "sub_type": 1
                                                }, 
                                                {
                                                    "arg_type": 100017, 
                                                    "args_list": [
                                                        "*"
                                                    ], 
                                                    "sub_type": 1
                                                }, 
                                                {
                                                    "arg_type": 100002, 
                                                    "args_list": [
                                                        {
                                                            "arg_type": 100014, 
                                                            "args_list": [
                                                                {
                                                                    "arg_type": 100076, 
                                                                    "args_list": [], 
                                                                    "sub_type": "GET_MODIFIER_FROM_EVENT"
                                                                }
                                                            ], 
                                                            "sub_type": "RELATED_ABILITY"
                                                        }
                                                    ], 
                                                    "sub_type": "GET_ABILITY_LEVEL"
                                                }
                                            ], 
                                            "sub_type": "ARITHMETIC_OPERATION"
                                        }
                                    ], 
                                    "sub_type": "ARITHMETIC_OPERATION"
                                }, 
                                {
                                    "arg_type": 100017, 
                                    "args_list": [
                                        "*"
                                    ], 
                                    "sub_type": 1
                                }, 
                                {
                                    "arg_type": 100000, 
                                    "args_list": [
                                        {
                                            "arg_type": 100006, 
                                            "args_list": [], 
                                            "sub_type": "MODIFIER_OWNER"
                                        }, 
                                        {
                                            "arg_type": 100301, 
                                            "args_list": [
                                                "ATTR_BASE"
                                            ], 
                                            "sub_type": 1
                                        }, 
                                        {
                                            "arg_type": 100042, 
                                            "args_list": [
                                                "attack_phy"
                                            ], 
                                            "sub_type": 1
                                        }
                                    ], 
                                    "sub_type": "GET_UNIT_ATTR"
                                }
                            ], 
                            "sub_type": "ARITHMETIC_OPERATION"
                        }
                    ], 
                    "bp": false, 
                    "element_id": 12892815370005, 
                    "enable": true
                }
            ], 
            "comment_str": {}, 
            "condition": [], 
            "enabled": true, 
            "event": [
                {
                    "args_list": [], 
                    "element_id": 6182133780002, 
                    "enable": true, 
                    "event_type": "LOSS_MODIFIER"
                }
            ], 
            "group_id": 134223539, 
            "p_trigger_id": null, 
            "script": "", 
            "trigger_id": 618213378, 
            "trigger_name": "lose", 
            "valid": true
        }, 
        "1289281537": {
            "action": [
                {
                    "action_type": "ADD_ATTR", 
                    "args_list": [
                        {
                            "arg_type": 100006, 
                            "args_list": [], 
                            "sub_type": "MODIFIER_OWNER"
                        }, 
                        {
                            "arg_type": 100300, 
                            "args_list": [
                                "ATTR_BASE"
                            ], 
                            "sub_type": 1
                        }, 
                        {
                            "arg_type": 100042, 
                            "args_list": [
                                "attack_phy"
                            ], 
                            "sub_type": 1
                        }, 
                        {
                            "arg_type": 100000, 
                            "args_list": [
                                {
                                    "arg_type": 100000, 
                                    "args_list": [
                                        {
                                            "arg_type": 100000, 
                                            "args_list": [
                                                0.3
                                            ], 
                                            "sub_type": 1
                                        }, 
                                        {
                                            "arg_type": 100017, 
                                            "args_list": [
                                                "+"
                                            ], 
                                            "sub_type": 1
                                        }, 
                                        {
                                            "arg_type": 100000, 
                                            "args_list": [
                                                {
                                                    "arg_type": 100000, 
                                                    "args_list": [
                                                        0.02
                                                    ], 
                                                    "sub_type": 1
                                                }, 
                                                {
                                                    "arg_type": 100017, 
                                                    "args_list": [
                                                        "*"
                                                    ], 
                                                    "sub_type": 1
                                                }, 
                                                {
                                                    "arg_type": 100002, 
                                                    "args_list": [
                                                        {
                                                            "arg_type": 100014, 
                                                            "args_list": [
                                                                {
                                                                    "arg_type": 100076, 
                                                                    "args_list": [], 
                                                                    "sub_type": "GET_MODIFIER_FROM_EVENT"
                                                                }
                                                            ], 
                                                            "sub_type": "RELATED_ABILITY"
                                                        }
                                                    ], 
                                                    "sub_type": "GET_ABILITY_LEVEL"
                                                }
                                            ], 
                                            "sub_type": "ARITHMETIC_OPERATION"
                                        }
                                    ], 
                                    "sub_type": "ARITHMETIC_OPERATION"
                                }, 
                                {
                                    "arg_type": 100017, 
                                    "args_list": [
                                        "*"
                                    ], 
                                    "sub_type": 1
                                }, 
                                {
                                    "arg_type": 100000, 
                                    "args_list": [
                                        {
                                            "arg_type": 100006, 
                                            "args_list": [], 
                                            "sub_type": "MODIFIER_OWNER"
                                        }, 
                                        {
                                            "arg_type": 100301, 
                                            "args_list": [
                                                "ATTR_BASE"
                                            ], 
                                            "sub_type": 1
                                        }, 
                                        {
                                            "arg_type": 100042, 
                                            "args_list": [
                                                "attack_phy"
                                            ], 
                                            "sub_type": 1
                                        }
                                    ], 
                                    "sub_type": "GET_UNIT_ATTR"
                                }
                            ], 
                            "sub_type": "ARITHMETIC_OPERATION"
                        }
                    ], 
                    "bp": false, 
                    "element_id": 12892815370005, 
                    "enable": true
                }
            ], 
            "comment_str": {}, 
            "condition": [], 
            "enabled": true, 
            "event": [
                {
                    "args_list": [], 
                    "element_id": 12892815370002, 
                    "enable": true, 
                    "event_type": "OBTAIN_MODIFIER"
                }
            ], 
            "group_id": 134223539, 
            "p_trigger_id": null, 
            "script": "", 
            "trigger_id": 1289281537, 
            "trigger_name": "gain", 
            "valid": true
        }
    }, 
    "trigger_version": "1.2", 
    "variable_dict": {}, 
    "variable_group_info": [], 
    "variable_length_dict": {}, 
    "variable_type_dict": {}
}