{
    "local_variable": {}, 
    "trigger_dict": {
        "1146241025": {
            "action": [
                {
                    "action_type": "SET_VARIABLE", 
                    "args_list": [
                        {
                            "arg_type": 100030, 
                            "args_list": [
                                [
                                    "FLOAT", 
                                    "rate", 
                                    "actor"
                                ]
                            ], 
                            "sub_type": 1
                        }, 
                        {
                            "arg_type": 100000, 
                            "args_list": [
                                {
                                    "arg_type": 100006, 
                                    "args_list": [], 
                                    "sub_type": "MODIFIER_OWNER"
                                }, 
                                {
                                    "arg_type": 100301, 
                                    "args_list": [
                                        "ATTR_BASE"
                                    ], 
                                    "sub_type": 1
                                }, 
                                {
                                    "arg_type": 100042, 
                                    "args_list": [
                                        "hit_rate"
                                    ], 
                                    "sub_type": 1
                                }
                            ], 
                            "sub_type": "GET_UNIT_ATTR"
                        }
                    ], 
                    "bp": false, 
                    "element_id": 11462410250008, 
                    "enable": true
                }, 
                {
                    "action_type": "SET_ATTR", 
                    "args_list": [
                        {
                            "arg_type": 100006, 
                            "args_list": [], 
                            "sub_type": "MODIFIER_OWNER"
                        }, 
                        {
                            "arg_type": 100300, 
                            "args_list": [
                                "ATTR_BASE"
                            ], 
                            "sub_type": 1
                        }, 
                        {
                            "arg_type": 100042, 
                            "args_list": [
                                "hit_rate"
                            ], 
                            "sub_type": 1
                        }, 
                        {
                            "arg_type": 100000, 
                            "args_list": [
                                0.0
                            ], 
                            "sub_type": 1
                        }
                    ], 
                    "bp": false, 
                    "element_id": 11462410250006, 
                    "enable": true
                }
            ], 
            "comment_str": {}, 
            "condition": [], 
            "enabled": true, 
            "event": [
                {
                    "args_list": [], 
                    "element_id": 11462410250002, 
                    "enable": true, 
                    "event_type": "OBTAIN_MODIFIER"
                }
            ], 
            "group_id": 201335237, 
            "p_trigger_id": null, 
            "script": "", 
            "trigger_id": 1146241025, 
            "trigger_name": "Gain Modifier", 
            "valid": true
        }, 
        "1934786562": {
            "action": [
                {
                    "action_type": "SET_ATTR", 
                    "args_list": [
                        {
                            "arg_type": 100006, 
                            "args_list": [], 
                            "sub_type": "MODIFIER_OWNER"
                        }, 
                        {
                            "arg_type": 100300, 
                            "args_list": [
                                "ATTR_BASE"
                            ], 
                            "sub_type": 1
                        }, 
                        {
                            "arg_type": 100042, 
                            "args_list": [
                                "hit_rate"
                            ], 
                            "sub_type": 1
                        }, 
                        {
                            "arg_type": 100000, 
                            "args_list": [
                                [
                                    "FLOAT", 
                                    "rate", 
                                    "actor"
                                ], 
                                null
                            ], 
                            "sub_type": 2
                        }
                    ], 
                    "bp": false, 
                    "element_id": 11462410250006, 
                    "enable": true
                }
            ], 
            "comment_str": {}, 
            "condition": [], 
            "enabled": true, 
            "event": [
                {
                    "args_list": [], 
                    "element_id": 19347865620002, 
                    "enable": true, 
                    "event_type": "LOSS_MODIFIER"
                }
            ], 
            "group_id": 201335237, 
            "p_trigger_id": null, 
            "script": "", 
            "trigger_id": 1934786562, 
            "trigger_name": "Lose Modifier", 
            "valid": true
        }
    }, 
    "trigger_version": "1.2", 
    "variable_dict": {
        "FLOAT": {
            "rate": 0.0
        }
    }, 
    "variable_group_info": [
        [
            "rate", 
            "(rate)"
        ]
    ], 
    "variable_length_dict": {
        "rate": 0
    }, 
    "variable_type_dict": {
        "rate": false
    }
}