{
    "local_variable": {}, 
    "trigger_dict": {
        "1852362754": {
            "action": [
                {
                    "action_type": "SET_ABILITY_FLOAT_ATTR", 
                    "args_list": [
                        {
                            "arg_type": 100014, 
                            "args_list": [
                                {
                                    "arg_type": 100006, 
                                    "args_list": [], 
                                    "sub_type": "MODIFIER_OWNER"
                                }, 
                                {
                                    "arg_type": 100182, 
                                    "args_list": [
                                        1
                                    ], 
                                    "sub_type": 1
                                }, 
                                {
                                    "arg_type": 100002, 
                                    "args_list": [
                                        1
                                    ], 
                                    "sub_type": 1
                                }
                            ], 
                            "sub_type": "UNIT_ABILITY"
                        }, 
                        {
                            "arg_type": 100078, 
                            "args_list": [
                                "ability_cast_range"
                            ], 
                            "sub_type": 1
                        }, 
                        {
                            "arg_type": 100000, 
                            "args_list": [
                                {
                                    "arg_type": 100000, 
                                    "args_list": [
                                        {
                                            "arg_type": 100014, 
                                            "args_list": [
                                                {
                                                    "arg_type": 100006, 
                                                    "args_list": [], 
                                                    "sub_type": "MODIFIER_OWNER"
                                                }, 
                                                {
                                                    "arg_type": 100182, 
                                                    "args_list": [
                                                        1
                                                    ], 
                                                    "sub_type": 1
                                                }, 
                                                {
                                                    "arg_type": 100002, 
                                                    "args_list": [
                                                        1
                                                    ], 
                                                    "sub_type": 1
                                                }
                                            ], 
                                            "sub_type": "UNIT_ABILITY"
                                        }, 
                                        {
                                            "arg_type": 100078, 
                                            "args_list": [
                                                "ability_cast_range"
                                            ], 
                                            "sub_type": 1
                                        }
                                    ], 
                                    "sub_type": "GET_ABILITY_FLOAT_ATTR"
                                }, 
                                {
                                    "arg_type": 100017, 
                                    "args_list": [
                                        "-"
                                    ], 
                                    "sub_type": 1
                                }, 
                                {
                                    "arg_type": 100000, 
                                    "args_list": [
                                        200.0
                                    ], 
                                    "sub_type": 1
                                }
                            ], 
                            "sub_type": "ARITHMETIC_OPERATION"
                        }
                    ], 
                    "bp": false, 
                    "element_id": 20536893450008, 
                    "enable": true
                }
            ], 
            "comment_str": {}, 
            "condition": [], 
            "enabled": true, 
            "event": [
                {
                    "args_list": [], 
                    "element_id": 18523627540002, 
                    "enable": true, 
                    "event_type": "LOSS_MODIFIER"
                }
            ], 
            "group_id": 201335534, 
            "p_trigger_id": null, 
            "script": "", 
            "trigger_id": 1852362754, 
            "trigger_name": "Lose Modifier", 
            "valid": true
        }, 
        "2053689345": {
            "action": [
                {
                    "action_type": "SET_ABILITY_FLOAT_ATTR", 
                    "args_list": [
                        {
                            "arg_type": 100014, 
                            "args_list": [
                                {
                                    "arg_type": 100006, 
                                    "args_list": [], 
                                    "sub_type": "MODIFIER_OWNER"
                                }, 
                                {
                                    "arg_type": 100182, 
                                    "args_list": [
                                        1
                                    ], 
                                    "sub_type": 1
                                }, 
                                {
                                    "arg_type": 100002, 
                                    "args_list": [
                                        1
                                    ], 
                                    "sub_type": 1
                                }
                            ], 
                            "sub_type": "UNIT_ABILITY"
                        }, 
                        {
                            "arg_type": 100078, 
                            "args_list": [
                                "ability_cast_range"
                            ], 
                            "sub_type": 1
                        }, 
                        {
                            "arg_type": 100000, 
                            "args_list": [
                                {
                                    "arg_type": 100000, 
                                    "args_list": [
                                        {
                                            "arg_type": 100014, 
                                            "args_list": [
                                                {
                                                    "arg_type": 100006, 
                                                    "args_list": [], 
                                                    "sub_type": "MODIFIER_OWNER"
                                                }, 
                                                {
                                                    "arg_type": 100182, 
                                                    "args_list": [
                                                        1
                                                    ], 
                                                    "sub_type": 1
                                                }, 
                                                {
                                                    "arg_type": 100002, 
                                                    "args_list": [
                                                        1
                                                    ], 
                                                    "sub_type": 1
                                                }
                                            ], 
                                            "sub_type": "UNIT_ABILITY"
                                        }, 
                                        {
                                            "arg_type": 100078, 
                                            "args_list": [
                                                "ability_cast_range"
                                            ], 
                                            "sub_type": 1
                                        }
                                    ], 
                                    "sub_type": "GET_ABILITY_FLOAT_ATTR"
                                }, 
                                {
                                    "arg_type": 100017, 
                                    "args_list": [
                                        "+"
                                    ], 
                                    "sub_type": 1
                                }, 
                                {
                                    "arg_type": 100000, 
                                    "args_list": [
                                        200.0
                                    ], 
                                    "sub_type": 1
                                }
                            ], 
                            "sub_type": "ARITHMETIC_OPERATION"
                        }
                    ], 
                    "bp": false, 
                    "element_id": 20536893450008, 
                    "enable": true
                }
            ], 
            "comment_str": {}, 
            "condition": [], 
            "enabled": true, 
            "event": [
                {
                    "args_list": [], 
                    "element_id": 20536893450003, 
                    "enable": true, 
                    "event_type": "OBTAIN_MODIFIER"
                }
            ], 
            "group_id": 201335534, 
            "p_trigger_id": null, 
            "script": "", 
            "trigger_id": 2053689345, 
            "trigger_name": "Gain Modifier", 
            "valid": true
        }
    }, 
    "trigger_version": "1.2", 
    "variable_dict": {}, 
    "variable_group_info": [], 
    "variable_length_dict": {}, 
    "variable_type_dict": {}
}