{
    "local_variable": {
        "847253505": {
            "variable_dict": {
                "SFX_KEY": {
                    "effects": 0
                }
            }, 
            "variable_length_dict": {
                "effects": 10
            }, 
            "variable_type_dict": {
                "effects": true
            }
        }
    }, 
    "trigger_dict": {
        "847253505": {
            "action": [
                {
                    "action_type": "DELETE_SFX_ENTITY", 
                    "args_list": [
                        {
                            "arg_type": 100148, 
                            "args_list": [
                                [
                                    "SFX_ENTITY", 
                                    "effect", 
                                    "actor"
                                ], 
                                null
                            ], 
                            "sub_type": 4
                        }
                    ], 
                    "bp": false, 
                    "element_id": 12898877460087, 
                    "enable": true
                }, 
                {
                    "action_type": "SET_VARIABLE", 
                    "args_list": [
                        {
                            "arg_type": 100028, 
                            "args_list": [
                                [
                                    "SFX_KEY", 
                                    "effects", 
                                    "local"
                                ], 
                                {
                                    "arg_type": 100002, 
                                    "args_list": [
                                        1
                                    ], 
                                    "sub_type": 1
                                }
                            ], 
                            "sub_type": 1
                        }, 
                        {
                            "arg_type": 100066, 
                            "args_list": [
                                102239
                            ], 
                            "sub_type": 1
                        }
                    ], 
                    "bp": false, 
                    "element_id": 8472535050128, 
                    "enable": true
                }, 
                {
                    "action_type": "SET_VARIABLE", 
                    "args_list": [
                        {
                            "arg_type": 100028, 
                            "args_list": [
                                [
                                    "SFX_KEY", 
                                    "effects", 
                                    "local"
                                ], 
                                {
                                    "arg_type": 100002, 
                                    "args_list": [
                                        2
                                    ], 
                                    "sub_type": 1
                                }
                            ], 
                            "sub_type": 1
                        }, 
                        {
                            "arg_type": 100066, 
                            "args_list": [
                                102259
                            ], 
                            "sub_type": 1
                        }
                    ], 
                    "bp": false, 
                    "element_id": 8472535050133, 
                    "enable": true
                }, 
                {
                    "action_type": "SET_VARIABLE", 
                    "args_list": [
                        {
                            "arg_type": 100028, 
                            "args_list": [
                                [
                                    "SFX_KEY", 
                                    "effects", 
                                    "local"
                                ], 
                                {
                                    "arg_type": 100002, 
                                    "args_list": [
                                        3
                                    ], 
                                    "sub_type": 1
                                }
                            ], 
                            "sub_type": 1
                        }, 
                        {
                            "arg_type": 100066, 
                            "args_list": [
                                102260
                            ], 
                            "sub_type": 1
                        }
                    ], 
                    "bp": false, 
                    "element_id": 8472535050138, 
                    "enable": true
                }, 
                {
                    "action_type": "SET_VARIABLE", 
                    "args_list": [
                        {
                            "arg_type": 100028, 
                            "args_list": [
                                [
                                    "SFX_KEY", 
                                    "effects", 
                                    "local"
                                ], 
                                {
                                    "arg_type": 100002, 
                                    "args_list": [
                                        4
                                    ], 
                                    "sub_type": 1
                                }
                            ], 
                            "sub_type": 1
                        }, 
                        {
                            "arg_type": 100066, 
                            "args_list": [
                                102261
                            ], 
                            "sub_type": 1
                        }
                    ], 
                    "bp": false, 
                    "element_id": 8472535050143, 
                    "enable": true
                }, 
                {
                    "action_type": "IF_THEN_ELSE", 
                    "args_list": [
                        {
                            "arg_type": 100021, 
                            "args_list": [
                                {
                                    "args_list": [
                                        {
                                            "arg_type": 100002, 
                                            "args_list": [
                                                {
                                                    "arg_type": 100076, 
                                                    "args_list": [], 
                                                    "sub_type": "CUR_MODIFIER"
                                                }
                                            ], 
                                            "sub_type": "GET_MOD_STACK"
                                        }, 
                                        {
                                            "arg_type": 100015, 
                                            "args_list": [
                                                "=="
                                            ], 
                                            "sub_type": 1
                                        }, 
                                        {
                                            "arg_type": 100002, 
                                            "args_list": [
                                                5
                                            ], 
                                            "sub_type": 1
                                        }
                                    ], 
                                    "condition_type": "FLOAT_COMPARE", 
                                    "element_id": 8472535050007, 
                                    "enable": true
                                }
                            ], 
                            "sub_type": 1
                        }, 
                        {
                            "arg_type": 100022, 
                            "args_list": [
                                {
                                    "action_type": "SEND_EVENT", 
                                    "args_list": [
                                        {
                                            "arg_type": 100003, 
                                            "args_list": [
                                                "Star-Shine"
                                            ], 
                                            "sub_type": 1
                                        }
                                    ], 
                                    "bp": false, 
                                    "element_id": 8472535050008, 
                                    "enable": true, 
                                    "op_arg": [
                                        {
                                            "arg_type": 100006, 
                                            "args_list": [], 
                                            "sub_type": "MODIFIER_RELEASER"
                                        }, 
                                        {
                                            "arg_type": 100006, 
                                            "args_list": [], 
                                            "sub_type": "MODIFIER_OWNER"
                                        }, 
                                        null, 
                                        null, 
                                        null
                                    ], 
                                    "op_arg_enable": [
                                        true, 
                                        true, 
                                        false, 
                                        false, 
                                        false
                                    ]
                                }, 
                                {
                                    "action_type": "REMOVE_BUFF_INS", 
                                    "args_list": [
                                        {
                                            "arg_type": 100076, 
                                            "args_list": [], 
                                            "sub_type": "CUR_MODIFIER"
                                        }
                                    ], 
                                    "bp": false, 
                                    "element_id": 8472535050009, 
                                    "enable": true
                                }
                            ], 
                            "sub_type": 1
                        }, 
                        {
                            "arg_type": 100022, 
                            "args_list": [
                                {
                                    "action_type": "SET_VARIABLE", 
                                    "args_list": [
                                        {
                                            "arg_type": 100148, 
                                            "args_list": [
                                                [
                                                    "SFX_ENTITY", 
                                                    "effect", 
                                                    "actor"
                                                ], 
                                                null
                                            ], 
                                            "sub_type": 4
                                        }, 
                                        {
                                            "arg_type": 100148, 
                                            "args_list": [
                                                {
                                                    "arg_type": 100066, 
                                                    "args_list": [
                                                        [
                                                            "SFX_KEY", 
                                                            "effects", 
                                                            "local"
                                                        ], 
                                                        {
                                                            "arg_type": 100002, 
                                                            "args_list": [
                                                                {
                                                                    "arg_type": 100076, 
                                                                    "args_list": [], 
                                                                    "sub_type": "CUR_MODIFIER"
                                                                }
                                                            ], 
                                                            "sub_type": "GET_MOD_STACK"
                                                        }
                                                    ], 
                                                    "sub_type": 4
                                                }, 
                                                {
                                                    "arg_type": 100006, 
                                                    "args_list": [], 
                                                    "sub_type": "MODIFIER_OWNER"
                                                }, 
                                                {
                                                    "arg_type": 100003, 
                                                    "args_list": [
                                                        "origin"
                                                    ], 
                                                    "sub_type": 1
                                                }, 
                                                {
                                                    "arg_type": 100001, 
                                                    "args_list": [
                                                        false
                                                    ], 
                                                    "sub_type": 1
                                                }, 
                                                {
                                                    "arg_type": 100001, 
                                                    "args_list": [
                                                        true
                                                    ], 
                                                    "sub_type": 1
                                                }
                                            ], 
                                            "op_arg": [
                                                null, 
                                                null, 
                                                null
                                            ], 
                                            "op_arg_enable": [
                                                false, 
                                                false, 
                                                false
                                            ], 
                                            "sub_type": "CREATE_SFX_ON_UNIT"
                                        }
                                    ], 
                                    "bp": false, 
                                    "element_id": 8472535050010, 
                                    "enable": true
                                }
                            ], 
                            "sub_type": 1
                        }
                    ], 
                    "bp": false, 
                    "element_id": 8472535050087, 
                    "enable": true
                }
            ], 
            "comment_str": {}, 
            "condition": [], 
            "enabled": true, 
            "event": [
                {
                    "args_list": [], 
                    "element_id": 8472535050168, 
                    "enable": true, 
                    "event_type": "OBTAIN_MODIFIER"
                }
            ], 
            "group_id": 201333106, 
            "p_trigger_id": null, 
            "script": "", 
            "trigger_id": 847253505, 
            "trigger_name": "Gain Modifier", 
            "valid": true
        }, 
        "1289887746": {
            "action": [
                {
                    "action_type": "DELETE_SFX_ENTITY", 
                    "args_list": [
                        {
                            "arg_type": 100148, 
                            "args_list": [
                                [
                                    "SFX_ENTITY", 
                                    "effect", 
                                    "actor"
                                ], 
                                null
                            ], 
                            "sub_type": 4
                        }
                    ], 
                    "bp": false, 
                    "element_id": 12898877460087, 
                    "enable": true
                }
            ], 
            "comment_str": {}, 
            "condition": [], 
            "enabled": true, 
            "event": [
                {
                    "args_list": [], 
                    "element_id": 12898877460013, 
                    "enable": true, 
                    "event_type": "LOSS_MODIFIER"
                }
            ], 
            "group_id": 201333106, 
            "p_trigger_id": null, 
            "script": "", 
            "trigger_id": 1289887746, 
            "trigger_name": "Lose Modifier", 
            "valid": true
        }
    }, 
    "trigger_version": "1.2", 
    "variable_dict": {
        "DYNAMIC_TRIGGER_INSTANCE": {}, 
        "FLOAT": {}, 
        "SFX_ENTITY": {
            "effect": 0
        }
    }, 
    "variable_group_info": [
        [
            "effect", 
            "(effect)"
        ]
    ], 
    "variable_length_dict": {
        "effect": 0
    }, 
    "variable_type_dict": {
        "effect": false
    }
}