{
    "local_variable": {}, 
    "trigger_dict": {
        "1344036866": {
            "action": [
                {
                    "action_type": "ADD_ATTR", 
                    "args_list": [
                        {
                            "arg_type": 100006, 
                            "args_list": [], 
                            "sub_type": "MODIFIER_OWNER"
                        }, 
                        {
                            "arg_type": 100300, 
                            "args_list": [
                                "ATTR_ALL_RATIO"
                            ], 
                            "sub_type": 1
                        }, 
                        {
                            "arg_type": 100042, 
                            "args_list": [
                                "ori_speed"
                            ], 
                            "sub_type": 1
                        }, 
                        {
                            "arg_type": 100000, 
                            "args_list": [
                                {
                                    "arg_type": 100000, 
                                    "args_list": [
                                        1.0
                                    ], 
                                    "sub_type": 1
                                }, 
                                {
                                    "arg_type": 100017, 
                                    "args_list": [
                                        "*"
                                    ], 
                                    "sub_type": 1
                                }, 
                                {
                                    "arg_type": 100000, 
                                    "args_list": [
                                        {
                                            "arg_type": 100039, 
                                            "args_list": [
                                                {
                                                    "arg_type": 100014, 
                                                    "args_list": [
                                                        {
                                                            "arg_type": 100076, 
                                                            "args_list": [], 
                                                            "sub_type": "CUR_MODIFIER"
                                                        }
                                                    ], 
                                                    "sub_type": "RELATED_ABILITY"
                                                }
                                            ], 
                                            "sub_type": "ABILITY_NAME_OF_ABILITY"
                                        }, 
                                        {
                                            "arg_type": 100003, 
                                            "args_list": [
                                                "SlowRate"
                                            ], 
                                            "sub_type": 1
                                        }
                                    ], 
                                    "sub_type": "GET_FLOAT_KV"
                                }
                            ], 
                            "sub_type": "ARITHMETIC_OPERATION"
                        }
                    ], 
                    "bp": false, 
                    "element_id": 15758417930004, 
                    "enable": true
                }
            ], 
            "comment_str": {}, 
            "condition": [], 
            "enabled": true, 
            "event": [
                {
                    "args_list": [], 
                    "element_id": 13440368660001, 
                    "enable": true, 
                    "event_type": "LOSS_MODIFIER"
                }
            ], 
            "group_id": 1003, 
            "p_trigger_id": null, 
            "script": "", 
            "trigger_id": 1344036866, 
            "trigger_name": "LoseBuff", 
            "valid": true
        }, 
        "1575841793": {
            "action": [
                {
                    "action_type": "ADD_ATTR", 
                    "args_list": [
                        {
                            "arg_type": 100006, 
                            "args_list": [], 
                            "sub_type": "MODIFIER_OWNER"
                        }, 
                        {
                            "arg_type": 100300, 
                            "args_list": [
                                "ATTR_ALL_RATIO"
                            ], 
                            "sub_type": 1
                        }, 
                        {
                            "arg_type": 100042, 
                            "args_list": [
                                "ori_speed"
                            ], 
                            "sub_type": 1
                        }, 
                        {
                            "arg_type": 100000, 
                            "args_list": [
                                {
                                    "arg_type": 100000, 
                                    "args_list": [
                                        -1.0
                                    ], 
                                    "sub_type": 1
                                }, 
                                {
                                    "arg_type": 100017, 
                                    "args_list": [
                                        "*"
                                    ], 
                                    "sub_type": 1
                                }, 
                                {
                                    "arg_type": 100000, 
                                    "args_list": [
                                        {
                                            "arg_type": 100039, 
                                            "args_list": [
                                                {
                                                    "arg_type": 100014, 
                                                    "args_list": [
                                                        {
                                                            "arg_type": 100076, 
                                                            "args_list": [], 
                                                            "sub_type": "CUR_MODIFIER"
                                                        }
                                                    ], 
                                                    "sub_type": "RELATED_ABILITY"
                                                }
                                            ], 
                                            "sub_type": "ABILITY_NAME_OF_ABILITY"
                                        }, 
                                        {
                                            "arg_type": 100003, 
                                            "args_list": [
                                                "SlowRate"
                                            ], 
                                            "sub_type": 1
                                        }
                                    ], 
                                    "sub_type": "GET_FLOAT_KV"
                                }
                            ], 
                            "sub_type": "ARITHMETIC_OPERATION"
                        }
                    ], 
                    "bp": false, 
                    "element_id": 15758417930004, 
                    "enable": true
                }
            ], 
            "comment_str": {}, 
            "condition": [], 
            "enabled": true, 
            "event": [
                {
                    "args_list": [], 
                    "element_id": 15758417930001, 
                    "enable": true, 
                    "event_type": "OBTAIN_MODIFIER"
                }
            ], 
            "group_id": 1003, 
            "is_conf": true, 
            "p_trigger_id": false, 
            "script": "", 
            "trigger_id": 1575841793, 
            "trigger_name": "GainBuff", 
            "valid": true
        }
    }, 
    "trigger_version": "1.2", 
    "variable_dict": {}, 
    "variable_group_info": [], 
    "variable_length_dict": {}, 
    "variable_type_dict": {}
}