{
    "local_variable": {}, 
    "trigger_dict": {
        "430342146": {
            "action": [
                {
                    "action_type": "PICK_UNIT_DO_ACTION", 
                    "args_list": [
                        {
                            "arg_type": 100026, 
                            "args_list": [
                                {
                                    "arg_type": 100023, 
                                    "args_list": [
                                        {
                                            "arg_type": 100004, 
                                            "args_list": [
                                                {
                                                    "arg_type": 100014, 
                                                    "args_list": [], 
                                                    "sub_type": "CUR_ABILITY"
                                                }
                                            ], 
                                            "sub_type": "ABILITY_RELEASE_POSITION"
                                        }, 
                                        {
                                            "arg_type": 100002, 
                                            "args_list": [
                                                150
                                            ], 
                                            "sub_type": 1
                                        }
                                    ], 
                                    "sub_type": "CREATE_CIR_AREA"
                                }, 
                                {
                                    "arg_type": 100025, 
                                    "args_list": [
                                        1
                                    ], 
                                    "sub_type": 1
                                }
                            ], 
                            "sub_type": "PLAYER_UNIT_GROUP_IN_AREA"
                        }, 
                        {
                            "arg_type": 100022, 
                            "args_list": [
                                {
                                    "action_type": "ADD_MODIFIER", 
                                    "args_list": [
                                        {
                                            "arg_type": 100006, 
                                            "args_list": [], 
                                            "sub_type": "FOR_EACH_SELECTED_UNIT"
                                        }, 
                                        {
                                            "arg_type": 100046, 
                                            "args_list": [
                                                134223539
                                            ], 
                                            "sub_type": 1
                                        }
                                    ], 
                                    "bp": false, 
                                    "element_id": 430342146000043, 
                                    "enable": true, 
                                    "op_arg": [
                                        null, 
                                        null, 
                                        null, 
                                        null, 
                                        null
                                    ], 
                                    "op_arg_enable": [
                                        false, 
                                        false, 
                                        false, 
                                        false, 
                                        false
                                    ]
                                }, 
                                {
                                    "action_type": "RUN_ONCE_TIMER_NO_SAVE", 
                                    "args_list": [
                                        {
                                            "arg_type": 100000, 
                                            "args_list": [
                                                10.0
                                            ], 
                                            "sub_type": 1
                                        }, 
                                        {
                                            "arg_type": 100022, 
                                            "args_list": [
                                                {
                                                    "action_type": "REMOVE_BUFF_TYPE", 
                                                    "args_list": [
                                                        {
                                                            "arg_type": 100006, 
                                                            "args_list": [], 
                                                            "sub_type": "FOR_EACH_SELECTED_UNIT"
                                                        }, 
                                                        {
                                                            "arg_type": 100046, 
                                                            "args_list": [
                                                                134223539
                                                            ], 
                                                            "sub_type": 1
                                                        }
                                                    ], 
                                                    "bp": false, 
                                                    "element_id": 430342146000076, 
                                                    "enable": true
                                                }
                                            ], 
                                            "sub_type": 1
                                        }
                                    ], 
                                    "bp": false, 
                                    "element_id": 430342146000052, 
                                    "enable": true, 
                                    "local_var": [
                                        {}, 
                                        {}
                                    ]
                                }
                            ], 
                            "sub_type": 1
                        }
                    ], 
                    "bp": false, 
                    "element_id": 430342146000039, 
                    "enable": true
                }
            ], 
            "comment_str": {}, 
            "condition": [], 
            "enabled": true, 
            "event": [
                {
                    "args_list": [], 
                    "element_id": 430342146000002, 
                    "enable": true, 
                    "event_type": "ABILITY_CST_END"
                }
            ], 
            "group_id": 134242058, 
            "p_trigger_id": null, 
            "script": "", 
            "trigger_id": 430342146, 
            "trigger_name": "\u6548\u679c", 
            "valid": true
        }, 
        "2023862276": {
            "action": [
                {
                    "action_type": "PLAY_ANIMATION", 
                    "args_list": [
                        {
                            "arg_type": 100006, 
                            "args_list": [], 
                            "sub_type": "ABILITY_OWNER"
                        }, 
                        {
                            "arg_type": 100003, 
                            "args_list": [
                                "ability_30001_01"
                            ], 
                            "sub_type": 1
                        }, 
                        {
                            "arg_type": 100000, 
                            "args_list": [
                                1.0
                            ], 
                            "sub_type": 1
                        }, 
                        {
                            "arg_type": 100000, 
                            "args_list": [
                                0.0
                            ], 
                            "sub_type": 1
                        }, 
                        {
                            "arg_type": 100000, 
                            "args_list": [
                                -1.0
                            ], 
                            "sub_type": 1
                        }, 
                        {
                            "arg_type": 100001, 
                            "args_list": [
                                false
                            ], 
                            "sub_type": 1
                        }, 
                        {
                            "arg_type": 100001, 
                            "args_list": [
                                true
                            ], 
                            "sub_type": 1
                        }
                    ], 
                    "bp": false, 
                    "element_id": 2023862276000002, 
                    "enable": true
                }
            ], 
            "comment_str": {}, 
            "condition": [], 
            "enabled": true, 
            "event": [
                {
                    "args_list": [], 
                    "element_id": 2023862276000001, 
                    "enable": true, 
                    "event_type": "ABILITY_PS_START"
                }
            ], 
            "group_id": 134242058, 
            "p_trigger_id": null, 
            "script": "", 
            "trigger_id": 2023862276, 
            "trigger_name": "\u52a8\u753b", 
            "valid": true
        }
    }, 
    "trigger_version": "1.2", 
    "variable_dict": {}, 
    "variable_group_info": [], 
    "variable_length_dict": {}, 
    "variable_type_dict": {}
}